"Frontaliers étrangers selon le statut d'activité et les secteurs, sections et divisions économiques"

"Statut d'activité"	"Section économique"	"2002 T1"	"2002 T2"	"2002 T3"	"2002 T4"	"2003 T1"	"2003 T2"	"2003 T3"	"2003 T4"	"2004 T1"	"2004 T2"	"2004 T3"	"2004 T4"	"2005 T1"	"2005 T2"	"2005 T3"	"2005 T4"	"2006 T1"	"2006 T2"	"2006 T3"	"2006 T4"	"2007 T1"	"2007 T2"	"2007 T3"	"2007 T4"	"2008 T1"	"2008 T2"	"2008 T3"	"2008 T4"	"2009 T1"	"2009 T2"	"2009 T3"	"2009 T4"	"2010 T1"	"2010 T2"	"2010 T3"	"2010 T4"	"2011 T1"	"2011 T2"	"2011 T3"	"2011 T4"	"2012 T1"	"2012 T2"	"2012 T3"	"2012 T4"	"2013 T1"	"2013 T2"	"2013 T3"	"2013 T4"	"2014 T1"	"2014 T2"	"2014 T3"	"2014 T4"
"Indépendants"	"- Secteur primaire"	*	0.0	0.0	0.0	0.0	0.0	0.0	0.0	0.0	0.0	0.0	0.9	0.0	0.9	0.9	2.6	0.8	0.8	2.6	1.7	6.0	4.3	4.3	5.2	5.2	5.2	6.0	6.0	6.0	6.9	6.8	6.8	7.7	8.7	7.7	6.7	9.5	11.2	11.0	12.7	16.1	13.0	14.6	14.4	20.5	21.5	21.3	24.5	22.1	17.9	24.5	20.8
"Indépendants"	"- Secteur secondaire"	*	0.0	3.8	6.6	12.3	14.1	16.0	15.1	17.0	20.9	26.5	32.5	30.5	40.4	47.7	50.2	57.4	64.5	66.7	71.2	82.4	99.2	105.5	115.2	134.0	158.3	167.6	178.6	191.2	215.1	225.7	242.4	258.3	272.2	282.9	292.6	313.6	318.6	324.0	335.1	345.7	362.6	391.1	400.3	417.0	432.6	443.9	452.9	462.9	464.2	469.4	477.6
"Indépendants"	"> Industries extractives"	*	0.0	0.0	0.0	0.0	0.0	0.0	0.0	0.0	0.0	0.0	0.9	0.9	0.0	0.0	0.0	0.0	0.0	0.9	0.0	0.0	0.0	0.0	0.0	0.9	0.9	0.0	0.0	0.9	0.9	2.5	2.6	0.0	0.9	1.7	0.8	1.7	0.0	1.7	2.5	3.4	2.6	1.7	0.8	3.4	2.6	1.7	2.5	3.4	1.7	3.4	0.8
"Indépendants"	"> Industrie manufacturière"	*	0.0	0.9	2.8	7.5	10.4	12.2	9.4	10.4	12.4	16.5	19.0	18.9	22.0	22.1	24.7	27.0	33.1	29.1	32.6	36.9	49.2	50.1	55.9	60.9	71.7	76.9	79.5	87.9	102.0	101.8	104.1	121.4	124.8	117.5	127.4	137.9	146.0	145.9	150.2	148.7	161.8	178.3	175.9	181.2	184.5	190.5	191.3	196.2	198.8	192.8	211.8
"Indépendants"	"..... Industries alimentaires et du tabac"	*	0.0	0.9	0.9	0.9	1.9	1.9	0.9	0.9	1.0	0.9	0.9	0.9	1.8	1.7	1.7	1.7	0.8	1.7	0.9	0.9	0.0	0.9	0.9	1.7	1.7	2.6	2.6	2.6	4.3	5.9	6.8	6.0	6.1	6.0	5.9	6.0	6.0	5.9	5.9	5.9	6.9	6.9	6.8	6.0	6.9	6.8	6.8	7.6	7.7	6.8	7.5
"Indépendants"	"..... Industries du textile et de l’habillement"	*	0.0	0.0	0.0	0.0	0.0	1.9	0.9	0.9	1.9	2.7	2.7	1.8	2.6	2.6	2.6	4.2	3.4	2.6	1.7	3.4	3.4	1.7	3.4	3.5	2.6	0.9	2.6	0.9	2.6	2.5	6.0	6.0	6.1	7.7	9.2	8.6	9.4	8.5	11.9	9.3	6.9	7.8	7.6	10.3	14.6	12.8	12.7	11.0	14.5	11.8	13.3
"Indépendants"	"..... Industries du bois et du papier ; imprimerie"	*	0.0	0.0	0.9	0.9	1.9	4.7	2.8	2.8	4.8	3.7	4.5	6.3	4.4	6.8	6.0	3.4	4.2	6.8	8.6	10.3	11.2	13.8	15.5	17.4	21.0	29.4	26.5	28.2	34.3	28.8	34.1	34.4	39.9	34.3	39.4	30.2	45.5	35.6	46.7	43.3	48.5	57.7	57.8	59.8	52.4	57.0	49.9	55.2	53.8	60.9	60.6
"Indépendants"	"..... Cokéfaction, raffinage et industrie chimique"	*	0.0	0.0	0.0	0.0	0.0	0.0	0.0	0.0	0.0	0.0	0.0	0.0	0.0	0.0	0.0	0.0	0.0	0.0	0.0	0.0	1.7	0.9	0.9	0.0	0.0	0.0	0.9	0.0	0.0	0.8	0.0	0.0	1.7	0.0	0.8	0.9	0.0	0.8	0.8	0.8	0.9	0.9	0.0	1.7	0.9	0.0	1.7	2.5	2.6	0.8	1.7
"Indépendants"	"..... Industrie pharmaceutique"	*	0.0	0.0	0.0	0.0	0.0	0.0	0.0	0.0	0.0	0.0	0.0	0.0	0.0	0.0	0.0	0.0	0.8	0.0	0.0	0.0	0.0	0.0	0.0	0.9	0.0	0.9	0.0	0.9	0.9	0.0	0.9	1.7	0.0	1.7	0.8	1.7	2.6	1.7	0.8	0.8	0.9	0.9	0.8	0.0	0.9	0.9	0.8	0.8	0.9	2.5	1.7
"Indépendants"	"..... Industries du caoutchouc et du plastique"	*	0.0	0.0	0.0	0.9	0.0	0.0	0.0	0.0	0.0	0.9	0.9	0.0	1.8	0.9	0.9	3.4	5.1	4.3	2.6	2.6	2.6	3.5	2.6	1.7	3.5	4.3	5.1	6.8	7.7	7.6	5.1	12.9	9.5	7.7	10.1	11.2	13.7	15.3	11.0	13.6	14.7	12.9	11.9	15.4	12.0	12.8	13.5	10.2	15.4	11.0	14.1
"Indépendants"	"..... Fabrication de produits métalliques"	*	0.0	0.0	0.0	0.9	0.9	0.9	0.0	1.9	1.9	3.7	3.6	4.5	5.3	5.1	3.4	3.4	4.2	3.4	5.1	6.9	9.5	10.4	10.3	7.8	11.4	7.8	12.0	17.1	12.9	15.3	16.2	18.1	17.3	18.0	18.4	19.8	18.9	22.9	21.2	15.3	17.3	19.0	17.8	24.8	27.5	24.7	30.5	32.3	31.6	27.9	26.6
"Indépendants"	"..... Fabrication de produits informatiques et électroniques; horlogerie"	*	0.0	0.0	0.0	0.9	0.9	0.0	0.9	1.9	0.0	0.9	0.9	1.8	0.9	1.7	2.6	3.4	5.1	0.9	0.9	3.4	6.0	6.9	8.6	6.1	8.7	6.0	8.5	8.5	11.1	10.2	7.7	12.1	12.1	10.3	11.7	17.2	17.2	10.2	11.0	16.1	14.7	18.1	19.5	23.1	21.5	18.7	18.6	24.6	20.5	27.1	28.2
"Indépendants"	"..... Fabrication d'équipements électriques"	*	0.0	0.0	0.9	0.0	0.0	0.9	0.0	0.0	1.0	0.0	0.0	0.0	0.9	0.0	0.0	1.7	1.7	1.7	1.7	2.6	2.6	2.6	2.6	3.5	3.5	4.3	1.7	0.9	0.9	2.5	4.3	1.7	1.7	3.4	5.0	2.6	0.9	2.5	3.4	3.4	5.2	4.3	5.1	5.1	5.2	2.6	8.5	5.1	5.1	5.1	5.0
"Indépendants"	"..... Fabrication de machines et équipements n.c.a."	*	0.0	0.0	0.0	1.9	1.9	1.9	1.9	1.9	0.0	0.0	1.8	0.9	0.0	1.7	3.4	2.5	2.5	1.7	2.6	2.6	6.9	1.7	4.3	5.2	4.4	6.9	9.4	6.0	11.1	11.9	11.9	10.3	13.0	9.4	6.7	12.1	13.7	13.6	11.9	11.9	17.3	21.5	17.0	15.4	16.3	22.1	12.7	12.7	14.5	15.2	22.4
"Indépendants"	"..... Fabrication de matériels de transport"	*	0.0	0.0	0.0	0.0	0.0	0.0	0.0	0.0	0.0	0.0	0.0	0.0	0.9	0.0	0.0	0.0	0.0	0.9	0.0	0.0	0.0	0.0	0.9	0.9	1.7	0.9	0.0	0.9	0.0	0.8	0.0	1.7	1.7	1.7	0.8	0.9	0.9	0.0	0.8	0.8	0.9	0.0	2.5	0.9	0.0	0.9	3.4	2.5	1.7	3.4	0.8
"Indépendants"	"..... Autres industries manufacturières; réparation et installation"	*	0.0	0.0	0.0	0.9	2.8	0.0	1.9	0.0	1.9	3.7	3.6	2.7	3.5	1.7	4.3	3.4	5.1	5.1	8.6	4.3	5.2	7.8	6.0	12.2	13.1	13.0	10.3	15.4	16.3	15.3	11.1	16.4	15.6	17.1	18.4	26.7	17.2	28.8	24.6	27.2	27.7	28.4	28.9	18.8	26.6	31.5	32.2	31.4	30.7	20.3	29.9
"Indépendants"	"> Production et distribution d'énergie"	*	0.0	0.0	0.0	0.0	0.0	0.0	0.0	0.0	0.0	0.0	0.0	0.0	0.0	0.0	0.0	0.0	0.0	0.0	0.0	0.0	0.0	0.0	0.0	0.0	0.0	0.0	0.0	0.0	1.7	1.7	1.7	1.7	1.7	1.7	1.7	0.9	1.7	1.7	2.5	2.5	2.6	2.6	2.5	2.6	2.6	1.7	1.7	1.7	1.7	0.0	0.0
"Indépendants"	"> Production et distribution d'eau, gestion des déchets"	*	0.0	0.0	0.0	0.0	0.0	0.0	0.0	0.0	0.0	0.0	0.0	0.0	0.0	0.0	0.0	0.0	0.0	0.0	0.0	0.0	0.0	0.0	0.0	0.0	0.0	0.9	0.9	0.9	1.7	0.8	0.0	1.7	0.0	0.0	0.8	2.6	0.9	2.5	1.7	0.8	0.9	0.9	0.8	1.7	1.7	1.7	0.0	0.8	0.0	0.8	0.8
"Indépendants"	"> Construction"	*	0.0	2.8	3.8	4.7	3.8	3.8	5.7	6.6	8.6	10.1	12.7	10.8	18.5	25.6	25.5	30.4	31.4	36.8	38.6	45.5	50.0	55.3	59.3	72.2	85.7	89.8	98.3	101.6	108.9	118.8	134.0	133.4	144.8	162.0	161.8	170.6	170.0	172.2	178.1	190.3	194.7	207.6	220.1	228.2	241.2	248.3	257.3	260.8	262.0	272.3	264.1
"Indépendants"	"..... Construction de bâtiments et génie civil"	*	0.0	0.9	0.9	1.9	0.9	0.0	0.9	1.9	6.7	1.8	3.6	1.8	5.3	8.5	13.6	12.7	14.4	17.1	11.1	18.9	24.1	13.0	20.6	21.8	23.6	37.1	33.3	33.3	37.7	46.7	49.5	43.9	44.2	57.4	52.0	63.8	57.5	53.4	67.0	68.8	50.2	68.9	78.2	88.9	86.7	85.9	73.6	103.6	80.2	89.6	73.1
"Indépendants"	"..... Travaux de construction spécialisés"	*	0.0	1.9	2.8	2.8	2.8	3.8	4.7	4.7	1.9	8.2	9.0	9.0	13.2	17.0	11.9	17.7	17.0	19.7	27.4	26.6	25.9	42.4	38.7	50.5	62.1	52.7	64.9	68.3	71.1	72.1	84.5	89.5	100.6	104.6	109.8	106.8	112.5	118.7	111.1	121.5	144.5	138.7	141.9	139.3	154.5	162.4	183.7	157.1	181.8	182.7	191.0
"Indépendants"	"- Secteur tertiaire"	*	1.9	15.1	43.4	77.3	114.0	131.9	130.9	145.1	176.2	227.0	248.6	271.1	289.2	297.3	309.6	348.8	385.1	418.1	439.0	459.4	512.3	549.9	591.7	642.2	703.3	761.9	810.2	890.9	967.7	1013.9	1086.5	1156.2	1215.5	1262.1	1291.1	1383.7	1431.7	1472.2	1546.5	1642.8	1738.7	1821.8	1894.3	1995.4	2091.8	2166.7	2228.9	2330.7	2410.6	2391.7	2386.4
"Indépendants"	"> Commerce; réparation d'automobiles et de motocycles"	*	0.9	3.8	9.4	19.8	27.3	29.2	30.1	38.6	42.8	49.4	49.7	53.9	58.9	62.2	60.4	63.3	72.1	71.0	75.5	76.4	82.8	92.5	93.7	97.5	101.5	106.3	107.7	116.1	126.9	132.4	144.2	155.8	163.0	168.9	176.9	180.9	184.6	187.4	192.6	207.3	210.3	217.9	227.8	235.9	248.9	242.3	240.4	241.2	259.4	254.6	255.0
"Indépendants"	"..... Commerce et réparation d'automobiles et de motocycles"	*	0.0	0.0	1.9	1.9	4.7	1.9	5.7	6.6	6.7	1.8	6.3	6.3	6.2	10.2	11.1	10.1	7.6	12.0	13.7	8.6	6.9	13.8	12.0	13.9	11.4	11.2	13.7	9.4	20.6	16.1	15.4	16.4	21.7	24.9	22.6	19.8	24.0	28.8	21.2	32.3	27.7	30.1	25.5	31.6	33.5	30.6	28.8	27.2	30.7	32.1	40.7
"Indépendants"	"..... Commerce de gros"	*	0.0	0.9	2.8	5.7	9.4	9.4	12.2	11.3	17.1	20.1	18.1	20.6	23.7	24.7	21.3	22.8	24.6	23.1	24.0	24.9	26.7	25.1	29.2	30.5	33.2	37.1	35.9	40.1	42.9	44.1	49.5	53.4	53.8	57.4	60.4	62.0	62.7	61.9	64.5	65.4	69.2	72.4	80.7	84.6	88.4	85.0	85.5	91.7	92.2	93.0	95.5
"Indépendants"	"..... Commerce de détail"	*	0.9	2.8	4.7	12.3	13.2	17.9	12.2	20.7	19.0	27.5	25.3	26.9	29.0	27.3	28.1	30.4	39.9	35.9	37.7	42.9	49.2	53.6	52.5	53.1	56.9	57.9	58.1	66.6	63.4	72.1	79.4	86.1	87.6	86.6	93.9	99.1	97.9	96.7	106.9	109.6	113.4	115.4	121.5	119.6	127.0	126.7	126.1	122.3	136.5	129.4	118.8
"Indépendants"	"> Transports et entreposage"	*	0.0	0.0	1.9	1.9	6.6	5.7	4.7	3.8	5.7	4.6	8.1	6.3	7.9	9.4	11.1	11.0	11.0	15.4	18.0	17.2	19.0	19.0	20.6	20.9	26.2	30.2	27.3	30.7	36.0	40.7	42.7	48.2	46.0	47.2	48.6	51.7	51.5	55.1	53.4	61.2	62.3	58.6	63.7	67.5	73.8	79.1	78.7	77.3	81.9	75.3	78.1
"Indépendants"	"..... Transports terrestres et transport par conduites"	*	0.0	0.0	1.9	1.9	5.7	5.7	2.8	1.9	4.8	4.6	6.3	6.3	6.2	7.7	9.4	9.3	8.5	12.0	12.9	13.7	15.5	15.6	17.2	17.4	20.1	22.5	20.5	24.7	28.3	29.7	29.9	34.4	32.9	34.3	34.4	35.3	36.1	36.5	41.6	43.3	45.0	44.8	45.0	51.3	54.9	56.1	55.9	57.8	56.3	55.0	55.7
"Indépendants"	"..... Transports par eau, transports aériens"	*	0.0	0.0	0.0	0.0	0.0	0.0	0.9	0.9	0.0	0.0	0.9	0.0	0.0	0.0	0.0	0.0	0.0	0.9	0.9	0.9	1.7	1.7	1.7	0.9	0.9	1.7	0.9	1.7	1.7	3.4	2.6	3.4	3.5	3.4	4.2	5.2	5.2	5.9	5.9	5.1	5.2	5.2	4.2	6.0	4.3	6.8	5.9	7.6	8.5	5.9	5.8
"Indépendants"	"..... Entreposage et services auxiliaires des transports"	*	0.0	0.0	0.0	0.0	0.9	0.0	0.9	0.9	1.0	0.0	0.9	0.0	1.8	1.7	1.7	1.7	2.5	2.6	4.3	2.6	1.7	1.7	1.7	2.6	5.2	6.0	5.1	4.3	5.1	7.6	9.4	8.6	8.7	9.4	9.2	9.5	8.6	11.0	5.9	11.9	10.4	6.9	12.7	8.5	11.2	11.9	14.4	10.2	13.7	13.5	13.3
"Indépendants"	"..... Activités de poste et de courrier"	*	0.0	0.0	0.0	0.0	0.0	0.0	0.0	0.0	0.0	0.0	0.0	0.0	0.0	0.0	0.0	0.0	0.0	0.0	0.0	0.0	0.0	0.0	0.0	0.0	0.0	0.0	0.9	0.0	0.9	0.0	0.9	1.7	0.9	0.0	0.8	1.7	1.7	1.7	0.0	0.8	1.7	1.7	1.7	1.7	3.4	4.3	2.5	1.7	3.4	0.8	3.3
"Indépendants"	"> Hébergement et restauration"	*	0.0	0.0	1.9	4.7	5.7	6.6	4.7	4.7	10.5	10.1	12.7	12.6	15.8	13.6	14.5	16.9	21.2	22.2	22.3	22.3	30.2	32.0	33.5	40.0	46.4	52.7	56.4	58.0	66.9	70.4	68.3	69.7	71.1	67.7	65.4	66.3	68.7	73.8	74.7	77.3	83.9	87.0	83.3	85.5	88.4	92.7	99.9	102.8	102.4	96.4	96.4
"Indépendants"	"..... Hébergement"	*	0.0	0.0	0.9	0.0	0.9	5.7	0.0	0.9	2.9	2.7	2.7	5.4	4.4	2.6	6.0	6.8	4.2	6.8	6.9	5.2	12.9	7.8	7.7	10.4	18.4	18.1	21.4	17.9	23.1	19.5	19.6	16.4	17.3	19.7	25.2	16.4	24.9	25.4	27.1	28.9	29.4	27.6	25.5	29.9	26.6	40.0	33.9	43.3	38.4	32.1	31.6
"Indépendants"	"..... Restauration"	*	0.0	0.0	0.9	4.7	4.7	0.9	4.7	3.8	7.6	7.3	9.9	7.2	11.4	11.1	8.5	10.1	17.0	15.4	15.4	17.2	17.2	24.2	25.8	29.6	28.0	34.6	35.0	40.1	43.7	50.9	48.7	53.4	53.8	48.0	40.2	50.0	43.8	48.3	47.5	48.4	54.5	59.4	57.8	55.5	61.8	52.7	66.0	59.5	64.0	64.3	64.8
"Indépendants"	"> Information et communication"	*	0.0	0.9	2.8	4.7	6.6	3.8	9.4	6.6	11.4	12.8	14.5	12.6	18.5	12.8	13.6	19.4	13.6	29.1	17.1	24.9	26.7	20.8	28.4	29.6	33.2	29.4	38.5	52.1	50.6	50.9	57.2	56.0	59.8	51.4	60.4	73.2	79.0	74.6	73.0	92.6	96.9	93.0	101.1	94.9	118.5	120.7	126.1	123.2	123.7	120.9	113.8
"Indépendants"	"..... Édition, audiovisuel et diffusion"	*	0.0	0.0	0.9	1.9	3.8	0.0	1.9	0.9	2.9	4.6	3.6	1.8	7.9	8.5	5.1	12.7	4.2	6.0	6.0	7.7	10.3	5.2	14.6	15.7	14.9	10.4	12.0	17.9	12.9	16.1	20.5	23.2	15.6	14.6	17.6	24.1	27.5	21.2	22.9	30.6	24.2	22.4	34.8	25.6	31.8	29.8	35.6	29.7	36.7	33.0	38.2
"Indépendants"	"..... Télécommunications"	*	0.0	0.0	0.0	0.0	0.0	0.0	0.0	0.0	0.0	0.0	0.0	0.0	0.0	0.0	0.0	0.0	0.0	0.0	0.0	0.0	0.0	0.0	0.0	0.0	0.0	0.0	0.0	0.0	0.0	0.8	0.0	0.0	0.9	1.7	0.8	0.0	0.0	0.0	1.7	0.0	0.9	0.9	0.0	2.6	0.9	0.0	0.8	1.7	0.9	2.5	0.8
"Indépendants"	"..... Activités informatiques et services d’information"	*	0.0	0.9	1.9	2.8	2.8	3.8	7.5	5.7	8.6	8.2	10.8	10.8	10.5	4.3	8.5	6.8	9.3	23.1	11.1	17.2	16.4	15.6	13.8	13.9	18.4	19.0	26.5	34.1	37.7	33.9	36.7	32.7	43.3	35.2	41.9	49.1	51.5	53.4	48.4	62.0	71.8	69.8	66.3	66.7	85.8	91.0	89.7	91.7	86.2	85.4	74.8
"Indépendants"	"> Activités financières et d'assurance"	*	0.0	0.0	0.0	0.0	2.8	2.8	1.9	1.9	1.9	3.7	4.5	3.6	4.4	5.1	6.8	6.8	6.8	6.0	5.1	6.9	11.2	12.1	9.5	9.6	12.2	13.0	13.7	11.9	11.1	10.2	11.9	13.8	14.7	12.9	12.6	14.6	14.6	16.1	17.0	18.7	19.0	25.0	21.2	18.8	21.5	22.1	22.0	22.9	26.5	26.2	24.9
"Indépendants"	"..... Activités des services financiers"	*	0.0	0.0	0.0	0.0	2.8	2.8	1.9	1.9	1.9	1.8	1.8	1.8	1.8	1.7	3.4	2.5	4.2	3.4	2.6	3.4	5.2	6.1	3.4	3.5	5.2	5.2	6.8	5.1	4.3	4.2	4.3	5.2	5.2	2.6	3.4	3.4	5.2	6.8	5.9	7.6	6.9	10.3	11.0	7.7	10.3	10.2	10.2	9.3	11.9	11.8	11.6
"Indépendants"	"..... Assurance"	*	0.0	0.0	0.0	0.0	0.0	0.0	0.0	0.0	0.0	1.8	1.8	1.8	2.6	2.6	3.4	2.5	2.5	2.6	2.6	2.6	5.2	6.1	5.2	6.1	6.1	7.8	6.0	6.8	6.9	5.9	7.7	8.6	9.5	8.6	8.4	10.3	9.4	8.5	11.0	10.2	10.4	13.8	10.2	9.4	11.2	11.9	11.0	12.7	13.7	12.7	13.3
"Indépendants"	"..... Activités auxiliaires de services financiers et d'assurance"	*	0.0	0.0	0.0	0.0	0.0	0.0	0.0	0.0	0.0	0.0	0.9	0.0	0.0	0.9	0.0	1.7	0.0	0.0	0.0	0.9	0.9	0.0	0.9	0.0	0.9	0.0	0.9	0.0	0.0	0.0	0.0	0.0	0.0	1.7	0.8	0.9	0.0	0.8	0.0	0.8	1.7	0.9	0.0	1.7	0.0	0.0	0.8	0.8	0.9	1.7	0.0
"Indépendants"	"> Activités immobilières"	*	0.0	0.0	0.0	0.0	0.0	0.0	0.0	0.0	0.0	0.9	1.8	1.8	3.5	1.7	3.4	2.5	2.5	2.6	2.6	2.6	2.6	2.6	3.4	3.5	2.6	3.5	4.3	6.8	5.1	7.6	6.0	7.7	6.9	8.6	6.7	7.8	5.2	6.8	6.8	7.6	11.3	12.9	11.9	12.0	12.0	11.9	9.3	13.6	13.7	12.7	11.6
"Indépendants"	"> Activités spécialisées, scientifiques et techniques"	*	0.0	3.8	7.5	23.6	21.7	24.5	31.1	28.3	28.6	39.4	39.8	45.8	47.5	52.8	67.2	69.3	78.0	71.0	90.0	85.0	103.5	100.3	110.9	141.8	161.0	165.0	171.8	192.9	206.6	224.8	227.9	244.5	270.5	301.8	282.5	305.9	304.9	303.6	360.5	373.8	349.6	398.8	433.4	455.5	475.5	476.2	504.5	536.8	558.9	589.5	549.0
"Indépendants"	"..... Activités juridiques et comptables"	*	0.0	0.9	0.0	10.4	5.7	3.8	9.4	7.5	5.7	11.9	11.8	10.8	12.3	9.4	13.6	16.9	16.1	14.5	20.6	18.9	23.3	20.8	28.4	33.9	33.2	31.1	36.7	47.8	49.7	50.1	48.7	56.8	55.5	66.9	56.2	71.5	62.7	65.3	77.2	85.8	59.7	94.8	105.4	103.4	114.2	123.3	129.5	122.3	137.4	137.9	115.5
"Indépendants"	"..... Activités des sièges sociaux; conseil de gestion"	*	0.0	0.9	1.9	4.7	1.9	5.7	5.7	4.7	7.6	6.4	5.4	10.8	8.8	14.5	15.3	19.4	19.5	16.2	21.4	21.5	23.3	32.9	26.7	31.3	46.4	39.7	51.3	52.1	52.3	48.4	64.0	58.5	65.9	78.9	68.7	74.1	73.9	71.2	73.8	87.5	89.1	93.0	91.8	104.3	99.6	106.3	105.8	117.2	122.0	121.8	153.7
"Indépendants"	"..... Activités d'architecture et d'ingénierie"	*	0.0	0.9	4.7	5.7	10.4	14.1	10.4	9.4	7.6	12.8	12.7	16.2	16.7	20.4	20.4	21.1	30.5	29.9	28.3	28.3	41.4	34.6	37.8	42.6	48.1	65.7	57.3	58.9	66.0	86.5	75.1	93.0	93.6	103.7	104.0	107.7	101.3	111.9	136.6	135.9	144.5	145.6	149.6	161.5	174.2	175.2	182.8	193.7	193.7	206.4	193.5
"Indépendants"	"..... Recherche-développement scientifique"	*	0.0	0.0	0.0	0.9	0.9	0.0	1.9	1.9	0.0	0.0	0.0	0.0	0.0	0.0	0.0	0.0	0.0	0.0	0.0	0.0	0.0	0.0	0.0	0.0	0.9	0.9	0.9	0.9	0.9	0.8	0.9	1.7	2.6	2.6	2.5	1.7	0.9	0.8	0.8	0.8	0.0	0.9	0.0	0.9	0.9	0.9	0.0	0.0	0.9	0.8	0.8
"Indépendants"	"..... Autres activités spécialisées, scientifiques, techniques"	*	0.0	0.9	0.9	1.9	2.8	0.9	3.8	4.7	7.6	8.2	9.9	8.1	9.7	8.5	17.9	11.8	11.9	10.3	19.7	16.3	15.5	12.1	18.1	33.9	32.4	27.6	25.6	33.3	37.7	39.0	39.3	34.4	52.9	49.7	51.1	50.8	66.1	54.3	72.1	63.7	56.3	64.6	86.7	85.5	86.7	70.6	86.3	103.6	105.0	122.6	85.6
"Indépendants"	"> Activités de services administratifs et de soutien"	*	0.9	1.9	7.5	5.7	13.2	13.2	8.5	17.0	20.9	17.4	19.0	23.3	20.2	26.4	22.1	27.9	31.4	28.2	29.2	40.4	42.3	49.3	41.3	47.0	49.9	61.3	64.1	75.9	87.4	86.5	90.5	101.6	118.8	101.2	123.2	127.5	125.4	145.9	127.2	136.8	181.7	173.1	181.0	194.0	204.3	210.9	190.5	231.0	252.6	220.7	230.9
"Indépendants"	"..... Autres activités de services administratifs et de soutien"	*	0.9	1.9	7.5	5.7	13.2	9.4	6.6	14.1	18.1	14.6	16.3	19.7	18.5	24.7	20.4	26.2	31.4	28.2	28.3	36.1	39.7	39.8	37.8	40.9	43.7	51.0	53.8	64.0	73.7	73.8	75.1	83.5	98.8	83.2	103.1	112.9	106.5	129.8	108.6	114.7	160.1	149.0	158.9	171.8	176.8	182.0	164.2	202.2	223.6	186.1	197.7
"Indépendants"	"..... Activités liées à l'emploi"	*	0.0	0.0	0.0	0.0	0.0	3.8	1.9	2.8	2.9	2.7	2.7	3.6	1.8	1.7	1.7	1.7	0.0	0.0	0.9	4.3	2.6	9.5	3.4	6.1	6.1	10.4	10.3	11.9	13.7	12.7	15.4	18.1	19.9	18.0	20.1	14.6	18.9	16.1	18.7	22.1	21.6	24.1	22.1	22.2	27.5	28.9	26.2	28.9	29.0	34.7	33.2
"Indépendants"	"> Administration publique"	*	0.0	0.9	0.9	0.0	0.0	0.0	0.0	0.0	0.0	0.0	0.0	0.0	0.0	0.0	0.0	0.0	0.0	0.0	0.0	0.0	0.0	0.0	0.9	0.9	0.9	0.9	2.6	2.6	1.7	1.7	4.3	4.3	6.1	6.9	5.9	5.2	6.0	6.8	5.9	5.9	6.1	4.3	6.8	5.1	2.6	3.4	3.4	4.2	1.7	1.7	2.5
"Indépendants"	"> Enseignement"	*	0.0	1.9	1.9	2.8	3.8	6.6	3.8	2.8	3.8	5.5	5.4	9.0	9.7	9.4	7.7	9.3	10.2	12.0	12.0	11.2	11.2	14.7	11.2	16.5	18.4	23.3	23.1	24.7	30.9	27.2	28.2	37.0	32.1	39.4	39.4	38.8	41.2	45.8	50.9	53.5	57.1	60.3	60.3	64.1	61.8	66.3	60.1	60.3	64.0	61.7	67.3
"Indépendants"	"> Santé humaine et action sociale"	*	0.0	0.0	1.9	4.7	9.4	14.1	11.3	14.1	24.8	44.9	43.4	49.4	49.2	48.6	49.3	48.1	56.0	65.0	66.0	72.1	75.9	80.4	93.7	99.2	119.8	132.2	140.2	142.5	161.1	169.7	186.1	189.4	196.8	209.2	216.3	233.5	245.6	255.3	264.7	282.9	305.5	311.8	324.6	363.2	401.7	416.7	436.8	457.0	469.3	482.1	492.6
"Indépendants"	"..... Activités pour la santé humaine"	*	0.0	0.0	1.9	3.8	5.7	6.6	6.6	7.5	17.1	23.8	24.4	26.0	28.1	31.5	34.0	27.0	24.6	41.9	35.2	37.8	41.4	47.6	47.3	59.2	62.1	77.7	76.1	82.8	96.9	99.3	100.7	106.7	104.9	123.5	128.3	131.0	145.1	137.4	146.8	168.2	167.0	190.4	186.1	218.8	224.9	236.4	265.8	268.4	260.3	277.4	288.2
"Indépendants"	"..... Hébergement médico-social et social"	*	0.0	0.0	0.0	0.9	0.9	7.5	1.9	3.8	7.6	9.2	12.7	15.3	14.9	11.1	10.2	17.7	19.5	19.7	21.4	25.8	25.9	25.1	29.2	24.4	42.0	35.4	46.1	45.2	49.7	52.6	66.6	62.8	70.2	56.6	62.0	67.2	65.3	76.3	83.1	74.8	95.2	75.8	102.0	109.4	115.9	124.2	121.9	134.2	145.9	145.5	151.2
"Indépendants"	"..... Action sociale sans hébergement"	*	0.0	0.0	0.0	0.0	2.8	0.0	2.8	2.8	0.0	11.9	6.3	8.1	6.2	6.0	5.1	3.4	11.9	3.4	9.4	8.6	8.6	7.8	17.2	15.7	15.7	19.0	17.9	14.5	14.6	17.8	18.8	19.8	21.7	29.2	26.0	35.3	35.2	41.6	34.8	39.9	43.3	45.7	36.5	35.0	60.9	56.1	49.1	54.4	63.1	59.2	53.2
"Indépendants"	"> Arts, spectacles et activités récréatives"	*	0.0	0.0	1.9	0.9	3.8	11.3	11.3	11.3	4.8	6.4	13.6	15.3	14.9	11.9	17.9	18.6	21.2	31.6	31.7	31.8	34.5	36.3	34.4	35.7	39.4	42.3	53.8	59.7	53.1	61.9	65.7	62.0	66.8	70.3	71.3	81.9	93.6	85.7	97.6	88.3	96.9	97.3	93.5	111.9	104.7	119.0	125.3	113.0	110.9	129.4	101.3
"Indépendants"	"> Autres activités de services"	*	0.0	1.9	5.7	6.6	11.3	12.2	12.2	14.1	19.0	30.2	34.4	35.9	36.9	41.7	34.9	54.9	60.2	63.3	68.6	67.8	71.6	89.1	109.2	98.3	90.1	100.2	105.1	115.2	129.4	129.0	151.1	163.6	160.4	174.9	180.3	194.7	208.7	212.9	218.9	234.4	254.4	278.2	280.4	282.0	272.1	298.5	323.4	338.9	337.1	312.1	353.8
"Indépendants"	"> Activités des ménages en tant qu'employeurs et producteurs"	*	0.0	0.0	0.0	1.9	1.9	1.9	1.9	1.9	1.9	1.8	1.8	1.8	1.8	1.7	0.9	0.8	0.8	0.9	0.9	0.9	0.9	0.9	0.9	1.7	1.7	1.7	1.7	1.7	0.9	0.8	2.6	2.6	2.6	1.7	1.7	1.7	2.6	2.5	3.4	2.5	2.6	2.6	4.2	4.3	5.2	6.0	7.6	7.6	7.7	7.6	8.3
"Indépendants"	"> Activités extra-territoriales"	*	0.0	0.0	0.0	0.0	0.0	0.0	0.0	0.0	0.0	0.0	0.0	0.0	0.0	0.0	0.0	0.0	0.0	0.0	0.0	0.0	0.0	0.0	0.0	0.0	0.0	0.0	0.0	0.0	0.0	0.0	0.0	0.0	0.0	0.0	0.0	0.0	0.0	0.0	0.0	0.0	0.9	0.9	0.8	0.9	0.9	0.9	0.8	0.8	0.9	0.8	0.8
"Salariés"	"- Secteur primaire"	*	1284.1	1309.6	1309.1	1323.2	1368.9	1431.8	1350.6	1360.7	1460.3	1456.1	1429.9	1464.6	1479.1	1478.8	1458.4	1450.8	1542.1	1587.8	1569.0	1591.1	1671.4	1690.4	1640.8	1610.8	1668.3	1674.9	1555.3	1531.0	1613.2	1617.1	1572.9	1581.5	1645.5	1654.6	1551.8	1625.1	1690.2	1717.0	1689.1	1718.6	1842.1	1884.9	1865.0	1849.2	1974.6	1990.1	1941.2	1942.9	2055.6	2057.1	1988.5
"Salariés"	"- Secteur secondaire"	*	75836.0	75973.5	75373.6	75268.0	75793.1	76117.8	75196.8	75610.1	77801.0	76515.3	75911.1	76689.4	76799.7	76257.1	76593.3	77469.0	80108.5	82758.6	83742.8	85841.4	88167.6	89660.9	89520.8	91226.0	93210.2	93469.9	92093.8	91753.2	92219.3	91187.6	90543.6	91694.3	94162.2	94877.3	93712.1	97961.0	99657.0	100417.8	101054.6	102662.4	105370.7	106193.8	104816.2	104997.6	106821.4	106927.0	106073.6	106800.6	108939.6	108808.2	107052.6
"Salariés"	"> Industries extractives"	*	277.4	279.3	272.6	265.0	263.1	265.8	262.9	261.0	268.6	273.9	265.0	283.8	264.7	251.4	246.8	265.3	308.0	322.5	334.5	329.9	298.5	316.7	296.1	270.9	278.4	280.0	276.2	285.2	293.3	298.8	298.0	325.5	353.9	354.2	350.6	334.8	337.2	331.0	344.7	348.6	322.7	313.9	311.1	311.8	324.3	325.2	317.2	325.6	330.9	343.2	347.7
"Salariés"	"> Industrie manufacturière"	*	57687.9	57640.6	57418.4	57363.9	57309.4	57263.1	56985.0	57317.8	58503.8	57289.2	57236.6	57636.2	57373.2	56733.4	57454.5	58095.0	59923.1	61828.6	63200.5	64828.8	66445.4	67577.7	68230.7	69541.8	70576.3	70588.1	70333.8	69973.4	69866.7	68738.8	68369.2	69057.1	70548.9	70731.3	70341.6	73495.1	74534.4	74900.0	75700.4	76763.4	78471.7	78575.0	77797.1	77651.0	78519.0	78196.3	77940.0	78280.6	79484.2	79227.2	78323.2
"Salariés"	"..... Industries alimentaires et du tabac"	*	3862.4	3850.7	3850.4	3852.7	3861.3	3894.6	3873.8	3868.5	4010.8	3924.1	3910.3	3881.7	3844.2	3771.1	3791.1	3790.6	3847.2	3927.0	3993.5	3983.4	4051.0	3999.3	4008.3	4035.2	4182.1	4160.9	4192.3	4147.7	4158.5	4113.0	4126.2	4124.9	4187.4	4191.6	4158.6	4337.4	4355.6	4363.6	4414.5	4478.2	4593.4	4597.5	4649.7	4671.9	4753.9	4734.2	4771.4	4793.8	4875.3	4916.6	4847.9
"Salariés"	"..... Industries du textile et de l’habillement"	*	2630.0	2628.2	2514.8	2513.5	2459.9	2426.5	2398.8	2352.9	2363.6	2293.3	2266.9	2268.8	2258.3	2210.9	2192.3	2179.3	2255.8	2291.9	2307.7	2354.4	2400.2	2422.3	2455.3	2514.9	2555.7	2555.3	2522.1	2496.9	2470.4	2434.5	2420.6	2495.6	2541.7	2533.2	2527.2	2655.5	2692.9	2674.4	2729.5	2737.1	2816.6	2857.2	2851.3	2839.1	2875.3	2836.3	2802.6	2809.2	2848.8	2839.8	2814.7
"Salariés"	"..... Industries du bois et du papier ; imprimerie"	*	4473.2	4508.4	4471.3	4419.0	4402.7	4368.0	4345.8	4325.9	4340.9	4194.4	4176.8	4168.4	4115.4	4042.4	4039.1	4033.2	4124.8	4201.4	4250.0	4317.7	4416.1	4458.1	4438.9	4482.8	4499.0	4495.0	4427.6	4427.9	4453.6	4399.0	4384.2	4464.1	4555.4	4575.9	4493.9	4698.2	4728.4	4775.2	4817.8	4905.2	4989.7	4986.6	4947.4	4961.3	5002.8	4990.9	4982.9	4974.9	5038.8	5035.8	4972.5
"Salariés"	"..... Cokéfaction, raffinage et industrie chimique"	*	5735.1	5758.0	5754.4	5820.2	5896.7	5895.8	5915.4	6027.8	6159.0	6016.8	5991.6	6067.0	6043.1	5961.0	6007.3	6096.6	6209.0	6386.1	6478.5	6594.2	6671.0	6717.6	6661.8	6672.1	6662.3	6592.4	6545.4	6595.5	6654.8	6632.0	6703.0	6865.1	7013.5	7019.4	6949.4	7250.4	7290.7	7292.2	7358.0	7470.0	7647.0	7644.9	7541.2	7529.3	7547.0	7497.9	7439.1	7449.7	7536.2	7519.9	7427.6
"Salariés"	"..... Industrie pharmaceutique"	*	5204.9	5221.3	5197.0	5272.4	5346.2	5352.9	5347.3	5469.2	5582.9	5460.0	5433.6	5497.7	5476.8	5351.8	5422.0	5498.5	5629.5	5782.2	5858.4	5962.8	6015.4	6075.0	6006.2	6021.8	6023.4	5941.8	5905.0	5957.0	6077.0	6068.3	6110.5	6250.3	6397.6	6408.0	6353.3	6606.1	6659.8	6663.8	6751.5	6834.5	7026.1	6987.2	6902.4	6886.6	6894.0	6846.6	6780.0	6800.9	6874.2	6843.0	6769.5
"Salariés"	"..... Industries du caoutchouc et du plastique"	*	3198.5	3213.1	3208.6	3156.4	3139.5	3144.4	3145.2	3186.9	3232.2	3144.0	3146.8	3224.8	3224.0	3199.8	3207.5	3196.4	3277.5	3379.2	3455.0	3530.8	3653.0	3734.4	3748.2	3795.0	3843.6	3828.1	3776.9	3793.3	3793.4	3776.6	3732.8	3827.6	3921.6	3915.7	3853.0	4040.2	4073.2	4117.2	4107.4	4175.4	4191.9	4241.6	4181.1	4201.2	4261.0	4244.1	4214.5	4274.8	4326.9	4282.5	4166.0
"Salariés"	"..... Fabrication de produits métalliques"	*	7104.4	7069.6	7010.8	6953.2	6906.4	6878.2	6765.3	6764.0	6889.2	6748.8	6712.0	6721.1	6622.0	6543.8	6689.2	6751.9	7049.7	7383.0	7516.6	7772.6	7963.0	8157.7	8178.4	8379.8	8467.5	8449.2	8395.8	8317.4	8279.4	8086.3	7983.7	8027.3	8194.5	8167.0	8107.0	8431.4	8527.0	8516.7	8527.2	8502.6	8617.2	8635.1	8457.1	8381.6	8411.3	8391.2	8284.5	8276.7	8398.9	8357.9	8268.3
"Salariés"	"..... Fabrication de produits informatiques et électroniques; horlogerie"	*	9858.9	9880.2	9925.7	9982.9	9951.6	9956.5	9932.8	10013.1	10320.4	10221.7	10317.6	10460.4	10463.3	10501.4	10765.9	11034.8	11484.1	11923.2	12364.3	12920.1	13464.5	13859.1	14350.9	14894.0	15265.0	15450.5	15488.5	15274.7	15075.9	14652.1	14530.6	14568.5	14839.7	14889.1	14951.3	15713.9	16088.7	16270.5	16549.4	16963.4	17440.7	17474.0	17343.1	17334.9	17620.6	17571.1	17605.4	17726.1	18066.3	17932.9	17780.6
"Salariés"	"..... Fabrication d'équipements électriques"	*	3064.7	3001.1	3024.9	3020.1	3011.6	3019.4	3032.3	3067.5	3142.9	3069.2	3057.5	3025.6	3005.3	2969.9	2988.7	3035.9	3157.1	3233.7	3312.1	3372.0	3423.1	3464.3	3485.6	3541.9	3584.8	3574.4	3584.8	3583.8	3567.0	3545.5	3515.4	3580.0	3723.6	3720.0	3719.9	3881.5	3929.7	3961.1	3970.2	4017.7	4088.8	4026.9	3981.9	3940.3	4005.8	3987.0	3965.3	4005.5	4087.3	4098.8	4032.9
"Salariés"	"..... Fabrication de machines et équipements n.c.a."	*	6587.6	6526.1	6464.1	6360.2	6309.4	6286.9	6250.6	6200.5	6307.2	6150.4	6098.8	6119.5	6061.8	5970.9	6028.1	6069.1	6227.0	6373.9	6514.9	6624.0	6742.0	6854.8	6830.8	6899.5	6991.3	6987.2	6986.7	6983.2	7027.4	6948.8	6805.6	6832.7	7030.0	7084.3	6972.3	7197.1	7312.6	7364.1	7410.8	7445.0	7569.0	7536.4	7429.7	7350.3	7463.0	7443.8	7428.1	7472.9	7577.4	7575.2	7527.1
"Salariés"	"..... Fabrication de matériels de transport"	*	472.8	464.2	460.3	449.0	447.9	451.5	436.4	442.9	449.7	434.1	436.9	435.6	427.4	422.0	422.1	423.4	435.4	443.2	458.1	470.9	481.5	487.9	480.2	488.6	492.8	490.1	484.9	495.3	491.4	484.7	481.7	478.0	479.7	490.6	479.0	502.9	504.3	513.2	509.5	516.0	528.9	526.6	513.7	515.6	522.4	517.6	517.1	521.4	520.6	520.5	521.3
"Salariés"	"..... Autres industries manufacturières; réparation et installation"	*	5495.5	5519.8	5536.1	5564.2	5576.2	5588.4	5541.2	5598.6	5705.1	5632.3	5687.8	5765.6	5831.6	5788.3	5901.0	5985.3	6226.0	6503.9	6691.4	6926.0	7164.7	7347.1	7586.1	7816.3	8009.1	8063.3	8023.9	7900.8	7817.9	7598.0	7575.0	7543.2	7664.2	7736.6	7776.5	8180.5	8371.4	8387.9	8554.5	8718.4	8962.4	9060.8	8998.6	9038.9	9161.9	9135.4	9149.2	9174.7	9333.5	9304.4	9194.7
"Salariés"	"> Production et distribution d'énergie"	*	421.8	420.8	422.5	418.7	429.9	431.7	436.3	434.4	453.4	439.7	446.8	455.3	455.5	441.6	453.5	457.1	494.0	516.7	561.1	571.3	621.3	608.2	619.6	624.3	643.3	642.0	645.4	654.5	769.1	783.5	788.9	825.8	868.3	925.6	911.7	943.4	967.1	979.4	1006.7	1027.2	1094.3	1106.7	1105.5	1130.5	1157.6	1156.5	1164.9	1184.4	1199.6	1190.3	1199.4
"Salariés"	"> Production et distribution d'eau, gestion des déchets"	*	116.0	111.3	108.5	122.6	127.3	124.4	125.3	126.3	123.8	131.0	137.5	143.7	146.8	144.9	146.3	153.7	162.1	177.1	163.0	166.7	193.3	174.7	180.7	186.3	173.2	179.7	176.8	189.5	196.3	179.9	214.3	204.9	233.3	229.8	217.2	244.5	242.1	225.9	228.8	258.1	242.7	246.5	253.7	251.8	251.3	249.7	254.5	258.6	262.9	269.5	245.0
"Salariés"	"> Construction"	*	17332.9	17521.6	17151.7	17097.9	17663.5	18032.8	17387.2	17470.7	18451.3	18381.6	17825.2	18170.5	18559.5	18685.8	18292.3	18497.8	19221.4	19913.7	19483.7	19944.7	20609.1	20983.5	20193.9	20602.8	21538.9	21780.1	20661.7	20650.5	21093.9	21186.6	20873.3	21280.9	22157.9	22636.3	21890.9	22943.2	23576.2	23981.4	23774.0	24265.1	25239.3	25951.7	25348.7	25652.6	26569.2	26999.3	26396.9	26751.6	27661.9	27778.0	26937.3
"Salariés"	"..... Construction de bâtiments et génie civil"	*	5944.3	6013.8	5877.0	5862.1	6043.7	6194.0	5939.6	5997.0	6335.0	6299.4	6114.1	6280.1	6382.0	6447.9	6313.2	6394.7	6647.2	6887.4	6792.5	6951.2	7246.4	7427.8	7133.2	7261.8	7612.6	7684.5	7307.5	7284.8	7457.2	7490.9	7374.1	7528.3	7806.5	7969.9	7701.0	8041.7	8229.3	8373.4	8288.3	8467.1	8868.8	9118.9	8878.6	8993.3	9371.5	9505.4	9307.0	9426.3	9794.1	9870.5	9568.9
"Salariés"	"..... Travaux de construction spécialisés"	*	11388.6	11507.8	11274.7	11235.8	11619.7	11838.7	11447.6	11473.7	12116.3	12082.2	11711.1	11890.4	12177.5	12237.9	11979.0	12103.2	12574.2	13026.3	12691.3	12993.6	13362.7	13555.7	13060.6	13341.0	13926.4	14095.6	13354.2	13365.7	13636.7	13695.7	13499.2	13752.6	14351.4	14666.3	14189.9	14901.4	15346.8	15608.0	15485.7	15798.0	16370.4	16832.7	16470.1	16659.2	17197.7	17493.9	17089.9	17325.3	17867.9	17907.4	17368.4
"Salariés"	"- Secteur tertiaire"	*	84102.6	85152.6	86596.9	88595.3	89675.3	90913.3	91763.8	92956.5	96221.3	95362.1	96159.9	97602.8	97915.1	97246.2	99353.3	101207.2	103072.8	106182.6	108360.7	110742.4	113720.7	115352.9	116443.5	118400.9	120547.6	120930.6	121721.3	123575.6	126016.6	126404.2	128100.8	130593.9	133789.1	135027.3	135257.3	142164.6	144168.5	145674.2	148563.0	151838.8	155759.0	158218.1	159353.2	160904.1	165044.9	165807.6	167813.1	170760.5	174260.7	174741.3	175220.0
"Salariés"	"> Commerce; réparation d'automobiles et de motocycles"	*	24614.7	25023.4	25399.5	25965.9	26254.5	26559.4	26704.8	26822.1	27716.6	27529.6	27749.5	28041.5	28022.4	27687.8	28222.8	28620.7	28987.9	29784.6	30382.8	30956.1	31723.4	32014.4	32211.1	32518.0	33263.0	33362.6	33773.1	34129.6	34718.4	34607.7	35044.7	35559.7	36344.6	36543.0	36426.9	38009.7	38325.3	38550.1	39116.4	39686.0	40425.1	40718.2	40894.5	40986.6	42216.0	42307.6	42633.1	43140.4	43942.0	43863.9	43794.1
"Salariés"	"..... Commerce et réparation d'automobiles et de motocycles"	*	2397.3	2441.6	2453.0	2478.3	2489.9	2508.2	2538.0	2536.5	2651.9	2682.2	2669.7	2719.6	2718.7	2679.3	2699.5	2752.3	2824.6	2863.5	2902.4	2896.4	2939.3	2946.7	2949.9	3009.3	3004.0	3020.7	3047.6	3022.8	3060.8	3046.7	3097.6	3111.2	3186.3	3241.7	3233.7	3361.2	3389.9	3381.0	3441.3	3481.5	3573.7	3613.0	3651.5	3704.4	3769.8	3787.9	3802.1	3841.3	3932.3	3890.7	3858.8
"Salariés"	"..... Commerce de gros"	*	9163.9	9338.8	9444.9	9729.9	9913.2	10076.2	10147.9	10208.0	10567.5	10507.7	10559.7	10744.7	10822.1	10695.3	10948.0	11098.8	11280.9	11682.8	11981.5	12310.4	12660.6	12812.6	12903.9	13072.4	13415.4	13353.4	13517.3	13752.1	14106.2	14091.7	14235.0	14492.3	14799.4	14958.9	14862.1	15546.9	15624.0	15833.6	16065.0	16323.4	16696.4	16830.0	16894.0	17006.4	17495.0	17536.1	17555.3	17801.9	18189.6	18272.8	18213.1
"Salariés"	"..... Commerce de détail"	*	13053.5	13243.0	13501.7	13757.7	13851.4	13974.9	14018.9	14077.6	14497.2	14339.7	14520.1	14577.2	14481.7	14313.3	14575.3	14769.6	14882.4	15238.2	15498.9	15749.2	16123.6	16255.2	16357.3	16436.3	16843.6	16988.5	17208.2	17354.7	17551.5	17469.3	17712.1	17956.3	18358.8	18342.4	18331.1	19101.6	19311.4	19335.5	19610.0	19881.1	20155.0	20275.2	20349.1	20275.8	20951.2	20983.6	21275.7	21497.2	21820.1	21700.5	21722.1
"Salariés"	"> Transports et entreposage"	*	7146.6	7143.2	7357.6	7513.4	7442.0	7464.1	7539.8	7632.6	7847.6	7794.1	7909.3	8043.3	8031.8	7984.0	8251.1	8390.7	8611.6	8932.2	9156.0	9294.7	9458.6	9584.6	9761.3	9981.4	10068.2	9999.0	10134.1	10368.5	10460.3	10452.6	10641.9	10744.5	10954.3	11111.3	11205.1	11836.1	11919.2	12078.4	12396.7	12692.2	13010.8	13112.1	13218.1	13346.0	13433.4	13417.4	13649.8	13931.8	14079.5	14193.1	14257.0
"Salariés"	"..... Transports terrestres et transport par conduites"	*	4245.4	4234.7	4417.2	4492.1	4384.5	4425.1	4478.1	4554.4	4654.7	4631.7	4725.0	4799.8	4755.6	4745.5	4919.1	5017.0	5054.1	5253.1	5349.0	5419.1	5455.7	5451.9	5572.8	5688.5	5698.8	5579.1	5632.9	5725.6	5713.4	5706.5	5870.1	5906.9	5957.0	6042.0	6102.8	6455.4	6466.3	6494.3	6656.4	6789.4	6961.9	7016.1	7101.6	7156.1	7162.0	7111.7	7268.6	7399.0	7461.3	7463.0	7493.2
"Salariés"	"..... Transports par eau, transports aériens"	*	585.9	605.7	627.1	672.4	702.4	704.2	718.1	720.9	789.8	787.7	791.4	837.0	852.9	871.8	890.1	912.7	960.9	990.7	1043.2	1070.5	1116.8	1169.4	1192.5	1225.8	1351.9	1343.4	1382.8	1427.5	1463.7	1452.2	1507.0	1538.8	1600.9	1645.2	1666.3	1817.5	1861.1	1912.6	1944.1	1996.5	2031.1	2086.7	2166.9	2225.4	2213.2	2249.2	2324.1	2382.5	2447.0	2507.4	2581.3
"Salariés"	"..... Entreposage et services auxiliaires des transports"	*	2048.3	2047.1	2045.6	2072.7	2070.3	2069.9	2064.7	2083.2	2125.9	2069.8	2092.7	2098.5	2112.1	2033.6	2096.6	2112.1	2217.5	2304.4	2361.5	2408.3	2458.3	2524.8	2555.6	2579.7	2527.5	2548.6	2586.6	2681.0	2695.9	2703.3	2688.6	2747.8	2859.6	2885.5	2891.0	2992.5	3011.2	3108.5	3185.7	3265.3	3368.9	3347.9	3279.6	3286.3	3350.1	3358.6	3358.3	3437.4	3474.4	3463.9	3485.2
"Salariés"	"..... Activités de poste et de courrier"	*	267.0	255.7	267.8	276.3	284.7	264.8	278.9	274.1	277.2	304.9	300.2	307.9	311.2	333.2	345.4	348.8	379.2	384.0	402.2	396.8	427.9	438.4	440.4	487.4	490.0	527.9	531.7	534.4	587.3	590.6	576.2	551.1	536.8	538.6	545.1	570.6	580.6	563.0	610.5	640.9	648.8	661.5	670.1	678.3	708.2	697.9	698.8	712.8	696.9	758.8	697.4
"Salariés"	"> Hébergement et restauration"	*	10362.6	10370.2	10363.0	10756.7	10930.2	11100.2	11017.9	11297.6	11828.1	11716.2	11639.4	11776.1	11907.0	11752.6	11827.0	12006.5	12182.2	12461.5	12522.4	12698.4	13029.1	13010.1	12834.6	12892.5	12923.2	12717.6	12408.1	12466.1	12678.5	12614.0	12595.1	12812.0	13176.7	13157.3	12957.9	13541.3	13739.0	13704.9	13711.5	13915.9	14229.4	14375.1	14399.2	14315.2	14869.4	14644.6	14668.7	14740.2	15304.0	15094.5	14847.5
"Salariés"	"..... Hébergement"	*	3429.6	3443.6	3433.9	3591.9	3677.6	3712.0	3673.6	3786.9	4012.2	4021.1	3987.4	3998.7	4020.9	3915.0	3930.2	3951.5	3981.0	4072.9	4072.9	4108.5	4253.4	4270.6	4215.7	4234.9	4205.9	4134.9	4026.9	4019.7	4109.1	4084.5	4057.2	4149.2	4309.0	4317.7	4228.9	4364.8	4461.9	4486.4	4493.0	4542.8	4649.8	4659.3	4682.8	4662.4	4869.2	4805.3	4829.5	4831.0	5038.9	4984.0	4909.3
"Salariés"	"..... Restauration"	*	6933.0	6926.6	6929.2	7164.9	7252.6	7388.2	7344.3	7510.6	7815.9	7695.1	7652.0	7777.4	7886.2	7837.7	7896.9	8055.0	8201.2	8388.6	8449.5	8589.8	8775.7	8739.5	8618.9	8657.7	8717.2	8582.6	8381.2	8446.5	8569.3	8529.5	8537.9	8662.7	8867.8	8839.6	8729.0	9176.5	9277.1	9218.4	9218.6	9373.1	9579.6	9715.8	9716.4	9652.8	10000.2	9839.2	9839.2	9909.2	10265.0	10110.5	9938.2
"Salariés"	"> Information et communication"	*	2390.7	2457.5	2456.5	2489.4	2450.2	2511.0	2508.5	2599.5	2703.2	2675.0	2712.1	2744.1	2808.4	2817.3	2879.9	3015.1	3075.0	3165.6	3275.5	3392.3	3514.3	3641.1	3699.3	3831.3	3900.6	3952.7	4072.7	4204.7	4273.4	4332.6	4412.1	4481.3	4541.1	4612.0	4584.2	4896.3	5100.9	5237.5	5345.2	5495.0	5661.9	5887.3	5989.7	6133.5	6221.7	6321.1	6499.3	6702.0	6875.8	6797.1	6923.6
"Salariés"	"..... Édition, audiovisuel et diffusion"	*	833.1	837.7	848.7	861.0	824.0	874.7	859.5	913.1	947.7	945.1	983.0	954.5	1000.7	1010.7	1004.8	1014.6	1058.1	1076.1	1117.6	1153.8	1159.7	1195.3	1207.1	1204.9	1173.5	1195.2	1261.8	1226.1	1201.4	1209.4	1241.4	1213.4	1232.5	1211.9	1166.7	1189.1	1264.1	1287.9	1292.4	1345.7	1343.4	1341.1	1372.3	1357.8	1358.6	1382.8	1400.9	1436.7	1472.3	1414.4	1480.2
"Salariés"	"..... Télécommunications"	*	105.7	123.6	113.1	110.3	99.0	121.6	107.4	130.0	119.1	132.8	126.6	130.2	130.1	140.6	144.6	168.1	162.0	159.1	159.5	176.9	187.2	184.2	208.2	195.0	212.6	223.8	232.5	252.7	244.3	243.6	259.5	247.1	247.1	247.9	234.8	252.5	255.6	282.5	277.6	285.8	297.3	282.5	287.6	300.3	292.2	316.3	323.2	316.8	331.0	293.5	305.1
"Salariés"	"..... Activités informatiques et services d’information"	*	1451.9	1496.2	1494.6	1518.1	1527.2	1514.7	1541.7	1556.5	1636.4	1597.1	1602.5	1659.4	1677.6	1666.0	1730.5	1832.4	1854.8	1930.5	1998.4	2061.6	2167.4	2261.5	2284.0	2431.4	2514.4	2533.8	2578.4	2726.0	2827.7	2879.6	2911.2	3020.7	3061.5	3152.3	3182.6	3454.7	3581.2	3667.1	3775.1	3863.6	4021.2	4263.6	4329.8	4475.3	4571.0	4622.0	4775.2	4948.6	5072.6	5089.2	5138.4
"Salariés"	"> Activités financières et d'assurance"	*	3673.7	3660.3	3684.0	3673.7	3647.4	3655.4	3680.6	3701.8	3784.3	3751.0	3780.9	3817.2	3834.1	3783.4	3851.1	3944.8	4045.5	4233.7	4355.3	4510.8	4728.6	4996.6	5163.3	5307.3	5447.5	5543.9	5537.7	5549.7	5597.5	5520.2	5517.3	5533.0	5667.9	5754.8	5704.6	6025.8	6068.7	6151.1	6190.7	6269.1	6436.1	6474.0	6489.6	6477.4	6565.4	6497.1	6474.9	6517.7	6608.5	6533.0	6495.5
"Salariés"	"..... Activités des services financiers"	*	2465.1	2430.1	2448.7	2434.6	2401.1	2405.4	2443.4	2462.7	2547.0	2528.4	2557.4	2605.8	2619.0	2611.7	2677.1	2740.2	2855.9	3017.4	3128.8	3276.5	3457.7	3714.0	3837.5	3983.3	4093.1	4153.5	4149.0	4163.3	4191.3	4129.2	4132.6	4126.9	4200.6	4258.2	4237.9	4468.1	4515.0	4573.7	4589.9	4631.9	4714.2	4729.5	4724.8	4690.8	4729.4	4675.4	4627.9	4621.5	4692.6	4614.1	4539.3
"Salariés"	"..... Assurance"	*	1101.0	1107.5	1117.4	1124.0	1130.4	1130.2	1117.6	1127.8	1138.2	1122.8	1130.4	1125.2	1110.5	1066.9	1057.4	1077.1	1088.7	1089.7	1109.0	1117.5	1127.6	1132.1	1170.9	1180.4	1219.7	1236.6	1241.7	1246.5	1256.1	1230.6	1235.3	1249.4	1307.8	1339.7	1306.5	1393.3	1396.0	1407.0	1417.8	1452.9	1521.8	1561.0	1576.0	1597.5	1631.9	1622.7	1651.5	1710.5	1726.1	1716.0	1746.4
"Salariés"	"..... Activités auxiliaires de services financiers et d'assurance"	*	107.6	122.6	117.9	115.0	116.0	119.7	119.7	111.2	99.1	99.8	93.1	86.2	104.6	104.8	116.5	127.5	101.0	126.6	117.5	116.8	143.2	150.5	154.9	143.6	134.7	153.8	147.0	140.0	150.1	160.4	149.4	156.7	159.6	157.0	160.2	164.4	157.7	170.5	183.0	184.3	200.1	183.5	188.8	189.2	204.1	199.1	195.6	185.7	189.8	202.9	209.8
"Salariés"	"> Activités immobilières"	*	489.6	481.1	472.4	488.4	510.9	494.8	519.2	541.7	560.0	568.7	577.9	569.3	588.2	584.6	612.5	658.9	687.3	698.8	728.2	750.7	763.5	784.4	787.2	804.4	839.1	845.0	877.2	864.0	876.3	914.0	921.2	984.2	1013.8	1001.7	1019.7	1080.8	1092.0	1105.2	1101.2	1166.6	1182.2	1209.4	1230.9	1275.8	1368.4	1418.3	1415.4	1407.5	1433.7	1425.4	1434.4
"Salariés"	"> Activités spécialisées, scientifiques et techniques"	*	8594.0	8720.7	8810.7	9035.5	9223.8	9271.3	9372.8	9486.1	9815.7	9775.2	9898.2	10162.9	10310.2	10414.7	10811.7	11135.1	11461.9	11917.0	12236.6	12654.9	13237.9	13658.7	14017.2	14522.2	14938.3	15207.0	15382.9	15843.6	16247.6	16471.0	16777.7	17239.6	17857.4	18317.7	18446.2	19671.3	20096.6	20483.9	21147.5	21829.6	22541.9	23257.4	23538.4	24157.0	24812.6	25171.4	25702.7	26401.7	27090.5	27433.2	27752.2
"Salariés"	"..... Activités juridiques et comptables"	*	1816.1	1858.4	1862.4	1948.1	1962.8	1979.4	1996.8	2004.0	2045.0	2054.1	2059.2	2127.2	2162.1	2249.8	2297.1	2350.1	2431.8	2523.2	2603.9	2712.7	2828.2	2915.4	2983.9	3062.8	3162.6	3172.3	3236.5	3345.0	3425.2	3489.7	3568.7	3694.9	3821.2	3928.2	3934.0	4153.2	4262.5	4367.1	4534.6	4717.5	4888.2	5028.4	5135.5	5284.7	5528.4	5606.4	5755.0	5932.8	6109.1	6186.9	6270.2
"Salariés"	"..... Activités des sièges sociaux; conseil de gestion"	*	1777.4	1800.0	1805.9	1866.1	1900.6	1906.9	1930.8	1916.4	1995.5	2044.0	2043.8	2076.9	2127.7	2145.0	2237.5	2351.0	2414.8	2473.5	2561.9	2673.2	2688.5	2789.2	2872.6	3032.1	3112.8	3176.8	3205.1	3309.3	3415.9	3478.7	3546.4	3641.5	3768.4	3914.6	3993.5	4194.5	4276.4	4337.8	4518.2	4649.4	4835.0	5021.4	5091.5	5225.2	5473.4	5574.9	5723.5	5826.7	5947.2	6020.6	6062.4
"Salariés"	"..... Activités d'architecture et d'ingénierie"	*	2753.0	2765.0	2792.2	2864.7	2906.4	2906.9	2939.2	2980.2	3116.6	3024.8	3138.1	3209.3	3240.0	3276.6	3407.3	3504.9	3657.1	3808.7	3950.4	3967.7	4241.4	4344.7	4455.8	4593.3	4716.8	4773.0	4842.3	4976.8	5122.0	5168.4	5285.5	5427.4	5647.7	5786.9	5852.8	6283.7	6416.7	6576.3	6832.9	7057.2	7277.6	7607.5	7793.4	8059.0	8243.0	8395.4	8566.2	8822.4	9033.4	9188.4	9303.8
"Salariés"	"..... Recherche-développement scientifique"	*	864.4	908.6	943.2	950.7	990.0	986.9	1015.1	1044.1	1079.3	1090.0	1067.2	1087.4	1097.5	1081.7	1130.0	1166.7	1196.5	1223.9	1216.3	1323.0	1346.1	1400.5	1449.9	1513.0	1555.9	1645.1	1637.9	1670.8	1693.5	1702.5	1699.0	1696.3	1754.6	1744.5	1693.2	1817.5	1835.9	1866.6	1830.0	1796.6	1836.6	1783.7	1665.4	1608.4	1511.1	1462.7	1444.1	1454.6	1478.7	1459.6	1498.0
"Salariés"	"..... Autres activités spécialisées, scientifiques, techniques"	*	1383.1	1388.7	1407.0	1405.9	1464.1	1491.2	1490.8	1541.4	1579.3	1562.3	1589.8	1662.1	1682.9	1661.7	1739.9	1762.2	1761.6	1887.7	1904.0	1978.3	2133.7	2208.9	2255.0	2321.0	2390.2	2439.7	2461.2	2541.7	2591.0	2631.7	2678.1	2779.5	2865.4	2943.6	2972.8	3222.4	3305.1	3336.1	3431.8	3608.9	3704.5	3816.4	3852.5	3979.7	4056.7	4131.9	4213.9	4365.1	4522.1	4577.7	4617.8
"Salariés"	"> Activités de services administratifs et de soutien"	*	3901.2	3971.6	4035.2	4071.7	4085.8	4147.3	4182.1	4211.6	4346.3	4321.6	4339.0	4439.4	4390.0	4479.9	4663.9	4905.6	5018.2	5311.5	5433.5	5707.3	5939.4	6036.7	6087.9	6250.4	6506.0	6542.3	6587.8	6729.9	7025.3	7090.9	7159.4	7427.7	7686.6	7842.6	7974.2	8505.4	8726.1	8854.4	9173.3	9407.9	9742.6	10074.3	10213.9	10498.3	10982.0	11088.3	11371.3	11593.5	11900.8	12068.0	12251.8
"Salariés"	"..... Autres activités de services administratifs et de soutien"	*	3655.9	3722.6	3783.4	3819.0	3828.4	3883.4	3920.2	3942.1	4069.1	4031.3	4053.2	4166.4	4097.2	4196.1	4358.5	4577.1	4661.8	4954.8	5064.7	5319.8	5537.4	5625.0	5668.9	5804.7	6034.1	6048.0	6092.9	6213.4	6474.1	6547.7	6602.0	6868.9	7088.2	7251.6	7367.9	7867.2	8060.0	8207.6	8492.7	8697.4	9017.1	9318.6	9440.3	9709.5	10127.2	10203.5	10475.2	10688.0	10974.2	11144.3	11307.1
"Salariés"	"..... Activités liées à l'emploi"	*	245.3	249.0	251.8	252.7	257.4	263.9	262.0	269.5	277.2	290.3	285.8	273.0	292.8	283.8	305.4	328.6	356.4	356.7	368.8	387.4	402.0	411.7	419.0	445.7	471.9	494.3	494.9	516.5	551.3	543.2	557.5	558.8	598.4	591.0	606.3	638.1	666.1	646.7	680.5	710.5	725.5	755.8	773.6	788.8	854.8	884.7	896.0	905.5	926.5	923.7	944.7
"Salariés"	"> Administration publique"	*	852.9	900.0	960.9	979.7	985.1	1002.0	1027.1	1009.1	1045.8	1001.9	982.1	986.8	943.4	951.0	960.5	969.8	1006.4	1034.1	1025.8	1048.1	1062.2	1070.0	1055.8	1083.0	1138.5	1165.8	1207.2	1233.7	1247.6	1287.6	1314.0	1365.0	1427.7	1477.9	1496.4	1559.2	1639.7	1638.3	1687.4	1742.3	1836.8	1867.7	1867.6	1872.1	1903.8	1879.8	1913.0	1946.2	2007.7	1993.9	1995.5
"Salariés"	"> Enseignement"	*	2198.4	2268.1	2399.2	2465.2	2486.2	2661.3	2772.8	2872.4	3055.1	3167.0	3344.4	3446.5	3431.1	3445.9	3539.7	3585.8	3617.3	3745.1	3853.1	3929.0	3965.8	4034.4	4196.9	4313.5	4378.6	4499.1	4585.8	4646.6	4739.3	4820.8	5035.8	5100.7	5217.5	5311.2	5423.9	5655.8	5680.8	5890.3	6050.7	6193.6	6241.7	6423.3	6554.6	6580.4	6615.9	6836.1	6985.9	7121.1	7075.6	7234.6	7275.3
"Salariés"	"> Santé humaine et action sociale"	*	12778.6	13008.3	13377.2	13759.8	14068.2	14337.9	14574.4	14810.2	15187.3	14875.0	14911.3	15080.5	15076.9	14907.1	15087.7	15210.2	15425.9	15748.2	16053.2	16329.4	16578.9	16703.3	16793.9	16958.0	17187.2	17263.9	17338.5	17629.9	18059.4	18156.0	18473.5	18902.6	19332.6	19315.2	19343.8	20243.4	20515.8	20648.8	21067.1	21588.7	22213.3	22392.8	22464.4	22793.8	23331.5	23531.5	23811.5	24355.2	24750.6	24893.3	24939.3
"Salariés"	"..... Activités pour la santé humaine"	*	7529.6	7684.0	7858.2	8066.3	8253.1	8367.1	8502.1	8664.5	8849.6	8658.3	8667.1	8726.6	8740.5	8614.7	8727.5	8758.4	8900.7	9055.4	9243.3	9397.5	9517.9	9600.4	9657.8	9729.9	9821.4	9876.0	9951.8	10083.4	10305.1	10353.3	10555.8	10818.8	11129.2	11142.3	11113.7	11616.8	11847.4	11895.2	12111.0	12465.5	12866.7	12965.3	12992.2	13149.1	13429.9	13539.3	13710.5	14043.6	14258.6	14353.1	14363.5
"Salariés"	"..... Hébergement médico-social et social"	*	3721.4	3792.9	3924.3	4022.3	4104.9	4217.5	4296.7	4315.7	4474.4	4377.7	4379.3	4498.5	4481.1	4450.6	4495.2	4545.7	4618.1	4741.6	4847.3	4920.5	5038.1	5044.1	5090.5	5127.0	5250.5	5204.1	5205.5	5317.9	5502.5	5517.8	5597.8	5718.2	5795.5	5819.2	5866.4	6132.1	6103.8	6165.9	6282.7	6489.9	6606.2	6704.7	6687.2	6827.0	7040.1	7103.5	7177.3	7293.2	7402.0	7473.8	7488.1
"Salariés"	"..... Action sociale sans hébergement"	*	1527.6	1531.3	1594.8	1671.2	1710.2	1753.3	1775.6	1830.0	1863.3	1839.0	1864.9	1855.4	1855.3	1841.7	1865.1	1906.1	1907.1	1951.3	1962.6	2011.4	2022.8	2058.8	2045.6	2101.1	2115.3	2183.8	2181.2	2228.6	2251.8	2284.9	2319.8	2365.6	2408.0	2353.7	2363.6	2494.5	2564.7	2587.8	2673.4	2633.3	2740.3	2722.8	2785.0	2817.6	2861.5	2888.6	2923.7	3018.5	3090.1	3066.3	3087.6
"Salariés"	"> Arts, spectacles et activités récréatives"	*	1111.4	1146.2	1194.9	1251.4	1338.7	1378.1	1484.3	1509.5	1580.3	1543.0	1606.1	1691.7	1699.6	1649.0	1749.2	1799.4	1805.8	1876.7	1902.4	1905.4	1977.5	1974.5	2090.0	2075.5	2174.8	2126.8	2120.3	2146.4	2221.7	2250.8	2287.2	2357.1	2295.8	2342.4	2433.8	2617.0	2571.5	2576.2	2714.4	2752.2	2825.8	2853.5	2868.0	2855.8	2910.0	2881.9	2877.4	2986.2	2952.2	2953.1	3016.0
"Salariés"	"> Autres activités de services"	*	2687.9	2705.8	2782.1	2819.7	2889.5	2950.4	2991.2	3038.7	3268.2	3255.6	3320.8	3407.9	3479.3	3487.3	3561.5	3619.2	3773.7	3865.3	3975.4	4078.8	4195.0	4296.1	4246.3	4318.4	4219.8	4247.2	4294.4	4356.2	4439.0	4482.0	4490.0	4628.6	4772.2	4732.1	4741.1	4882.0	5025.4	5116.8	5177.8	5345.7	5575.0	5693.3	5758.2	5759.0	5917.4	5991.3	6006.2	6057.5	6285.3	6292.9	6271.2
"Salariés"	"> Activités des ménages en tant qu'employeurs et producteurs"	*	3282.4	3278.3	3285.7	3305.1	3340.2	3357.5	3364.5	3400.4	3456.3	3363.6	3364.4	3370.5	3367.0	3275.1	3307.1	3319.1	3346.9	3380.9	3432.3	3457.4	3517.1	3517.0	3469.4	3510.3	3523.4	3416.2	3355.4	3357.1	3387.0	3362.4	3388.3	3413.3	3454.0	3455.0	3444.1	3582.0	3606.6	3575.5	3619.4	3687.7	3765.9	3808.1	3788.9	3769.9	3810.5	3734.5	3717.3	3771.7	3863.7	3874.3	3882.7
"Salariés"	"> Activités extra-territoriales"	*	17.9	17.9	17.9	19.8	22.6	22.6	23.6	23.6	26.7	24.7	24.4	25.1	25.5	26.4	27.2	26.2	27.1	27.4	28.3	29.2	29.3	31.1	29.3	34.8	39.4	41.5	46.2	49.5	45.4	41.6	42.7	44.8	46.8	53.2	55.3	58.7	61.0	62.9	63.7	66.3	70.4	71.8	77.2	83.6	86.7	86.9	86.6	87.6	90.9	90.9	84.0
